account_name,account_description,account_code,account_type,sub_account_type,account_normal_side,account_group_grp_code
CASH ON HAND,CASH ON HAND,1010-000,Assets,Current Assets,debit,1010
PDC ON HAND,PDC ON HAND,1010-001,Assets,Current Assets,debit,1010
PETTY CASH FUND - HED & BED,PETTY CASH FUND - HED & BED,1010-002,Assets,Current Assets,debit,1010
PETTY CASH FUND - MAINTENANCE,PETTY CASH FUND - MAINTENANCE,1010-003,Assets,Current Assets,debit,1010
CASH IN BANK - AUB,CASH IN BANK - AUB,1010-004,Assets,Current Assets,debit,1010
CASH IN BANK - BDO,CASH IN BANK - BDO,1010-005,Assets,Current Assets,debit,1010
CASH IN BANK - CHINA BANK,CASH IN BANK - CHINA BANK,1010-006,Assets,Current Assets,debit,1010
CASH IN BANK - MBTC,CASH IN BANK - MBTC,1010-007,Assets,Current Assets,debit,1010
CASH IN BANK - UCPB,CASH IN BANK - UCPB,1010-008,Assets,Current Assets,debit,1010
CASH IN BANK - URBL (Time Deposit),CASH IN BANK - URBL (Time Deposit),1010-009,Assets,Current Assets,debit,1010
SUBSCRIPTION RECEIVABLE,SUBSCRIPTION RECEIVABLE,1020-001,Assets,Current Assets,debit,1020
NOTES RECEIVABLE - EMPLOYEE,NOTES RECEIVABLE - EMPLOYEE,1020-002,Assets,Current Assets,debit,1020
NOTES RECEIVABLE - BED STUDENTS,NOTES RECEIVABLE - BED STUDENTS,1020-003,Assets,Current Assets,debit,1020
NOTES RECEIVABLE - HED STUDENTS,NOTES RECEIVABLE - HED STUDENTS,1020-004,Assets,Current Assets,debit,1020
ACCTS. RECEIVABLE - OTHERS,ACCTS. RECEIVABLE - OTHERS,1020-005,Assets,Current Assets,debit,1020
ACCTS. RECEIVABLE - ADC,ACCTS. RECEIVABLE - ADC,1020-011,Assets,Current Assets,debit,1020
ACCTS. RECEIVABLE - AFC,ACCTS. RECEIVABLE - AFC,1020-012,Assets,Current Assets,debit,1020
ACCTS. RECEIVABLE - CBC,ACCTS. RECEIVABLE - CBC,1020-013,Assets,Current Assets,debit,1020
ACCTS. RECEIVABLE - CCSS,ACCTS. RECEIVABLE - CCSS,1020-014,Assets,Current Assets,debit,1020
ACCTS. RECEIVABLE - EPARDZ,ACCTS. RECEIVABLE - EPARDZ,1020-015,Assets,Current Assets,debit,1020
ACCTS. RECEIVABLE - GHI,ACCTS. RECEIVABLE - GHI,1020-016,Assets,Current Assets,debit,1020
ACCTS. RECEIVABLE - JCHI,ACCTS. RECEIVABLE - JCHI,1020-017,Assets,Current Assets,debit,1020
ACCTS. RECEIVABLE - SAGHI,ACCTS. RECEIVABLE - SAGHI,1020-018,Assets,Current Assets,debit,1020
ACCTS. RECEIVABLE - SAGHI - Pharmacy,ACCTS. RECEIVABLE - SAGHI - Pharmacy,1020-019,Assets,Current Assets,debit,1020
ACCTS. RECEIVABLE - URBL,ACCTS. RECEIVABLE - URBL,1020-020,Assets,Current Assets,debit,1020
ACCTS. RECEIVABLE - UNIVERSAL PLATINUM,ACCTS. RECEIVABLE - UNIVERSAL PLATINUM,1020-021,Assets,Current Assets,debit,1020
ACCTS. RECEIVABLE - MRDO,ACCTS. RECEIVABLE - MRDO,1020-022,Assets,Current Assets,debit,1020
ALLOW. FOR DOUBTFUL ACCOUNTS - EMPLOYEES,ALLOW. FOR DOUBTFUL ACCOUNTS - EMPLOYEES,1030-001,Assets,Contra Assets,credit,1030
ALLOW. FOR DOUBTFUL ACCOUNTS - BED STUDENTS,ALLOW. FOR DOUBTFUL ACCOUNTS - BED STUDENTS,1030-002,Assets,Contra Assets,credit,1030
ALLOW. FOR DOUBTFUL ACCOUNTS - HED STUDENTS,ALLOW. FOR DOUBTFUL ACCOUNTS - HED STUDENTS,1030-003,Assets,Contra Assets,credit,1030
ALLOW. FOR DOUBTFUL ACCOUNTS - OTHERS,ALLOW. FOR DOUBTFUL ACCOUNTS - OTHERS,1030-004,Assets,Contra Assets,credit,1030
ALLOW. FOR DOUBTFUL ACCOUNTS - COMPANY,ALLOW. FOR DOUBTFUL ACCOUNTS - COMPANY,1030-005,Assets,Contra Assets,credit,1030
ADVANCES TO OFFICERS & EMPLOYEES,ADVANCES TO OFFICERS & EMPLOYEES,1040-001,Assets,Current Assets,debit,1040
ADVANCES TO CONTRACTOR,ADVANCES TO CONTRACTOR,1040-002,Assets,Current Assets,debit,1040
ADVANCES TO SUPPLIERS,ADVANCES TO SUPPLIERS,1040-003,Assets,Current Assets,debit,1040
ADVANCES TO STOCKHOLDERS,ADVANCES TO STOCKHOLDERS,1040-004,Assets,Current Assets,debit,1040
PREPAID - INSURANCE,PREPAID - INSURANCE,1050-001,Assets,Current Assets,debit,1050
PREPAID - TAXES & LICENSES,PREPAID - TAXES & LICENSES,1050-002,Assets,Current Assets,debit,1050
PREPAID - ADVERTISING,PREPAID - ADVERTISING,1050-003,Assets,Current Assets,debit,1050
PREPAID - MRDO CONTRIBUTION,PREPAID - MRDO CONTRIBUTION,1050-004,Assets,Current Assets,debit,1050
PREPAID - OTHERS,PREPAID - OTHERS,1050-005,Assets,Current Assets,debit,1050
TAXES WITHHELD AT SOURCE (BIR 2307),TAXES WITHHELD AT SOURCE (BIR 2307),1060-001,Assets,Current Assets,debit,1060
INVENTORY - OFFICE SUPPLIES,INVENTORY - OFFICE SUPPLIES,1070-001,Assets,Current Assets,debit,1070
INVENTORY - OTHER SUPPLIES,INVENTORY - OTHER SUPPLIES,1070-001,Assets,Current Assets,debit,1070
FIXED ASSET - BOOKS & JOURNALS,FIXED ASSET - BOOKS & JOURNALS,1100-001,Assets,Non-Current Assets,debit,1100
FIXED ASSET - BUILDING,FIXED ASSET - BUILDING,1100-002,Assets,Non-Current Assets,debit,1100
FIXED ASSET - BUILDING IMPROVEMENT,FIXED ASSET - BUILDING IMPROVEMENT,1100-003,Assets,Non-Current Assets,debit,1100
FIXED ASSET - FURNITURES & FIXTURES,FIXED ASSET - FURNITURES & FIXTURES,1100-004,Assets,Non-Current Assets,debit,1100
FIXED ASSET - GENSET & OTHER FACILITIES,FIXED ASSET - GENSET & OTHER FACILITIES,1100-005,Assets,Non-Current Assets,debit,1100
FIXED ASSET - HARDWARE & SOFTWARE EQUIPMENT,FIXED ASSET - HARDWARE & SOFTWARE EQUIPMENT,1100-006,Assets,Non-Current Assets,debit,1100
FIXED ASSET - LAND,FIXED ASSET - LAND,1100-007,Assets,Non-Current Assets,debit,1100
FIXED ASSET - LAND IMPROVEMENTS,FIXED ASSET - LAND IMPROVEMENTS,1100-008,Assets,Non-Current Assets,debit,1100
FIXED ASSET - OFFICE & SCHOOL EQUIPMENTS,FIXED ASSET - OFFICE & SCHOOL EQUIPMENTS,1100-009,Assets,Non-Current Assets,debit,1100
FIXED ASSET - TRANSPORTATION EQUIPTMENT,FIXED ASSET - TRANSPORTATION EQUIPTMENT,1100-010,Assets,Non-Current Assets,debit,1100
ACC. DEP'N - BOOKS & JOURNALS,ACC. DEP'N - BOOKS & JOURNALS,1110-001,Assets,Contra Assets,credit,1110
ACC. DEP'N - BUILDING,ACC. DEP'N - BUILDING,1110-002,Assets,Contra Assets,credit,1110
ACC. DEP'N - BUILDING IMPROVEMENTS,ACC. DEP'N - BUILDING IMPROVEMENTS,1110-003,Assets,Contra Assets,credit,1110
ACC. DEP'N - FURNITURES & FIXTURES,ACC. DEP'N - FURNITURES & FIXTURES,1110-004,Assets,Contra Assets,credit,1110
ACC. DEP'N - GENSET & OTHER FACILITIES,ACC. DEP'N - GENSET & OTHER FACILITIES,1110-005,Assets,Contra Assets,credit,1110
ACC. DEP'N - HARDWARE & SOFTWARE EQUIPMENTS,ACC. DEP'N - HARDWARE & SOFTWARE EQUIPMENTS,1110-006,Assets,Contra Assets,credit,1110
ACC. DEP'N - LAND IMPROVEMENTS,ACC. DEP'N - LAND IMPROVEMENTS,1110-007,Assets,Contra Assets,credit,1110
ACC. DEP'N - OFFICE & SCHOOL EQUIPMENTS,ACC. DEP'N - OFFICE & SCHOOL EQUIPMENTS,1110-008,Assets,Contra Assets,credit,1110
ACC. DEP'N - TRANSPORTATION EQUIPMENT,ACC. DEP'N - TRANSPORTATION EQUIPMENT,1110-009,Assets,Contra Assets,credit,1110
INCOME TAX PAYABLE - ANNUAL,INCOME TAX PAYABLE - ANNUAL,2000-000,Liabilities,Current Liabilities,credit,2000
INCOME TAX PAYABLE - QUARTERLY,INCOME TAX PAYABLE - QUARTERLY,2000-001,Liabilities,Current Liabilities,credit,2000
WITHOLDING TAX - COMPENSATION PAYABLE,WITHOLDING TAX - COMPENSATION PAYABLE,2000-002,Liabilities,Current Liabilities,credit,2000
WITHOLDING TAX - EXPANDED PAYABLE,WITHOLDING TAX - EXPANDED PAYABLE,2000-003,Liabilities,Current Liabilities,credit,2000
ACCTS PAYABLE - CLAIMS & REFUNDS,ACCTS PAYABLE - CLAIMS & REFUNDS,2010-001,Liabilities,Current Liabilities,credit,2010
ALPS FINANCE EMPLOYEES LOAN PAYABLE,ALPS FINANCE EMPLOYEES LOAN PAYABLE,2010-002,Liabilities,Current Liabilities,credit,2010
CASH BOND PAYABLE,CASH BOND PAYABLE,2010-003,Liabilities,Current Liabilities,credit,2010
INSURANCE PREMIUM PAYABLE,INSURANCE PREMIUM PAYABLE,2010-004,Liabilities,Current Liabilities,credit,2010
PAG-IBIG LOANS PAYABLE,PAG-IBIG LOANS PAYABLE,2010-005,Liabilities,Current Liabilities,credit,2010
PAG-IBIG PREM. PAYABLE,PAG-IBIG PREM. PAYABLE,2010-006,Liabilities,Current Liabilities,credit,2010
PHIC PREM. PAYABLE,PHIC PREM. PAYABLE,2010-007,Liabilities,Current Liabilities,credit,2010
SSS & EC PREM. PAYABLE,SSS & EC PREM. PAYABLE,2010-008,Liabilities,Current Liabilities,credit,2010
SSS LOANS PAYABLE,SSS LOANS PAYABLE,2010-009,Liabilities,Current Liabilities,credit,2010
URBL EMPLOYEES LOAN PAYABLE,URBL EMPLOYEES LOAN PAYABLE,2010-010,Liabilities,Current Liabilities,credit,2010
ACCOUNTS PAYABLE - ADC,ACCOUNTS PAYABLE - ADC,2020-001,Liabilities,Current Liabilities,credit,2020
ACCOUNTS PAYABLE - AFC,ACCOUNTS PAYABLE - AFC,2020-002,Liabilities,Current Liabilities,credit,2020
ACCOUNTS PAYABLE - CBC,ACCOUNTS PAYABLE - CBC,2020-003,Liabilities,Current Liabilities,credit,2020
ACCOUNTS PAYABLE - CCSS,ACCOUNTS PAYABLE - CCSS,2020-004,Liabilities,Current Liabilities,credit,2020
ACCOUNTS PAYABLE - EPARDZ,ACCOUNTS PAYABLE - EPARDZ,2020-005,Liabilities,Current Liabilities,credit,2020
ACCOUNTS PAYABLE - GHI,ACCOUNTS PAYABLE - GHI,2020-006,Liabilities,Current Liabilities,credit,2020
ACCOUNTS PAYABLE - JCHI,ACCOUNTS PAYABLE - JCHI,2020-007,Liabilities,Current Liabilities,credit,2020
ACCOUNTS PAYABLE - ROTARY,ACCOUNTS PAYABLE - ROTARY,2020-008,Liabilities,Current Liabilities,credit,2020
ACCOUNTS PAYABLE - SUPPLIER,ACCOUNTS PAYABLE - SUPPLIER,2020-009,Liabilities,Current Liabilities,credit,2020
ACCOUNTS PAYABLE - SAGHI,ACCOUNTS PAYABLE - SAGHI,2020-010,Liabilities,Current Liabilities,credit,2020
ACCOUNTS PAYABLE - SAGHI PHARMA,ACCOUNTS PAYABLE - SAGHI PHARMA,2020-011,Liabilities,Current Liabilities,credit,2020
ACCOUNTS PAYABLE - URBL,ACCOUNTS PAYABLE - URBL,2020-012,Liabilities,Current Liabilities,credit,2020
ACCRUED 13TH MONTH PAY,ACCRUED 13TH MONTH PAY,2030-028,Liabilities,Current Liabilities,credit,2030
ACCRUED COMMISSIONS & INCENTIVES,ACCRUED COMMISSIONS & INCENTIVES,2030-029,Liabilities,Current Liabilities,credit,2030
ACCRUED FUEL & OIL,ACCRUED FUEL & OIL,2030-030,Liabilities,Current Liabilities,credit,2030
ACCRUED INTEREST,ACCRUED INTEREST,2030-031,Liabilities,Current Liabilities,credit,2030
ACCRUED RENT,ACCRUED RENT,2030-032,Liabilities,Current Liabilities,credit,2030
ACCRUED SALARIES & WAGES,ACCRUED SALARIES & WAGES,2030-033,Liabilities,Current Liabilities,credit,2030
ACCRUED UTILITIES - COMMUNICATIONS,ACCRUED UTILITIES - COMMUNICATIONS,2030-034,Liabilities,Current Liabilities,credit,2030
ACCRUED UTILITIES - ELECTRICTY,ACCRUED UTILITIES - ELECTRICTY,2030-035,Liabilities,Current Liabilities,credit,2030
ACCRUED UTILITIES - SECURITY SERVICES,ACCRUED UTILITIES - SECURITY SERVICES,2030-036,Liabilities,Current Liabilities,credit,2030
ACCRUED UTILITIES - WATER,ACCRUED UTILITIES - WATER,2030-037,Liabilities,Current Liabilities,credit,2030
ACCRUED UTILITIES - OTHERS,ACCRUED UTILITIES - OTHERS,2030-038,Liabilities,Current Liabilities,credit,2030
BANK LOANS PAYABLE,BANK LOANS PAYABLE,2040-001,Liabilities,Non-Current Liabilities,credit,2040
TRUST FUND PAYABLE,TRUST FUND PAYABLE,2040-002,Liabilities,Non-Current Liabilities,credit,2040
RETIREMENT PAYABLE,RETIREMENT PAYABLE,2040-003,Liabilities,Non-Current Liabilities,credit,2040
DIVIDENDS PAYABLE,DIVIDENDS PAYABLE,2040-004,Liabilities,Non-Current Liabilities,credit,2040
ADVANCES FROM STOCKHOLDERS / OWNERS,ADVANCES FROM STOCKHOLDERS / OWNERS,2040-005,Liabilities,Non-Current Liabilities,credit,2040
STOCKHOLDERS EQUITY,STOCKHOLDERS EQUITY,3000-000,Equity,Capital,credit,3000
CAPITAL STOCKS,CAPITAL STOCKS,3000-001,Equity,Capital,credit,3000
COMMON STOCKS,COMMON STOCKS,3000-002,Equity,Capital,credit,3000
SUBSCRIBED CAPITAL STOCK,SUBSCRIBED CAPITAL STOCK,3000-003,Equity,Capital,credit,3000
RETAINED EARNINGS,RETAINED EARNINGS,3000-004,Equity,Retained Earnings,credit,3000
NET INCOME,NET INCOME,3000-005,Equity,Retained Earnings,credit,3000
TUITION FEE INCOME - BED,TUITION FEE INCOME - BED,4000-001,Revenue,Operating Revenue,credit,4000
TUITION FEE INCOME - HED,TUITION FEE INCOME - HED,4000-002,Revenue,Operating Revenue,credit,4000
MISCELLANEOUS INCOME - BED ATHLETIC FEE,MISCELLANEOUS INCOME - BED ATHLETIC FEE,4000-003,Revenue,Operating Revenue,credit,4000
MISCELLANEOUS INCOME - BED AUDIO VISUAL FEE,MISCELLANEOUS INCOME - BED AUDIO VISUAL FEE,4000-004,Revenue,Operating Revenue,credit,4000
MISCELLANEOUS INCOME - BED ENERGY FEE,MISCELLANEOUS INCOME - BED ENERGY FEE,4000-005,Revenue,Operating Revenue,credit,4000
MISCELLANEOUS INCOME - BED GUIDANCE / COUNSELLING FEE,MISCELLANEOUS INCOME - BED GUIDANCE / COUNSELLING FEE,4000-006,Revenue,Operating Revenue,credit,4000
MISCELLANEOUS INCOME - BED ID VALIDATION FEE,MISCELLANEOUS INCOME - BED ID VALIDATION FEE,4000-007,Revenue,Operating Revenue,credit,4000
MISCELLANEOUS INCOME - BED INSURANCE FEE,MISCELLANEOUS INCOME - BED INSURANCE FEE,4000-008,Revenue,Operating Revenue,credit,4000
MISCELLANEOUS INCOME - BED INTERNET FEE,MISCELLANEOUS INCOME - BED INTERNET FEE,4000-009,Revenue,Operating Revenue,credit,4000
MISCELLANEOUS INCOME - BED LABORATORY FEE,MISCELLANEOUS INCOME - BED LABORATORY FEE,4000-010,Revenue,Operating Revenue,credit,4000
MISCELLANEOUS INCOME - BED LIBRARY FEE,MISCELLANEOUS INCOME - BED LIBRARY FEE,4000-011,Revenue,Operating Revenue,credit,4000
MISCELLANEOUS INCOME - BED MEDICAL / DENTAL FEE,MISCELLANEOUS INCOME - BED MEDICAL / DENTAL FEE,4000-012,Revenue,Operating Revenue,credit,4000
MISCELLANEOUS INCOME - BED PRISAA FEE,MISCELLANEOUS INCOME - BED PRISAA FEE,4000-013,Revenue,Operating Revenue,credit,4000
MISCELLANEOUS INCOME - BED PUBLICATION FEE,MISCELLANEOUS INCOME - BED PUBLICATION FEE,4000-014,Revenue,Operating Revenue,credit,4000
MISCELLANEOUS INCOME - BED REGISTRATION FEE,MISCELLANEOUS INCOME - BED REGISTRATION FEE,4000-015,Revenue,Operating Revenue,credit,4000
MISCELLANEOUS INCOME - BED STUDENT HANDBOOK FEE,MISCELLANEOUS INCOME - BED STUDENT HANDBOOK FEE,4000-016,Revenue,Operating Revenue,credit,4000
MISCELLANEOUS INCOME - BED TESTING MATERIALS FEE,MISCELLANEOUS INCOME - BED TESTING MATERIALS FEE,4000-017,Revenue,Operating Revenue,credit,4000
MISCELLANEOUS INCOME - HED ATHLETIC FEE,MISCELLANEOUS INCOME - HED ATHLETIC FEE,4000-018,Revenue,Operating Revenue,credit,4000
MISCELLANEOUS INCOME - HED AUDIO VISUAL FEE,MISCELLANEOUS INCOME - HED AUDIO VISUAL FEE,4000-019,Revenue,Operating Revenue,credit,4000
MISCELLANEOUS INCOME - HED ENERGY FEE,MISCELLANEOUS INCOME - HED ENERGY FEE,4000-020,Revenue,Operating Revenue,credit,4000
MISCELLANEOUS INCOME - HED GUIDANCE / COUNSELLING FEE,MISCELLANEOUS INCOME - HED GUIDANCE / COUNSELLING FEE,4000-021,Revenue,Operating Revenue,credit,4000
MISCELLANEOUS INCOME - HED ID VALIDATION FEE,MISCELLANEOUS INCOME - HED ID VALIDATION FEE,4000-022,Revenue,Operating Revenue,credit,4000
MISCELLANEOUS INCOME - HED INSURANCE FEE,MISCELLANEOUS INCOME - HED INSURANCE FEE,4000-023,Revenue,Operating Revenue,credit,4000
MISCELLANEOUS INCOME - HED INTERNET FEE,MISCELLANEOUS INCOME - HED INTERNET FEE,4000-024,Revenue,Operating Revenue,credit,4000
MISCELLANEOUS INCOME - HED LABORATORY FEE,MISCELLANEOUS INCOME - HED LABORATORY FEE,4000-025,Revenue,Operating Revenue,credit,4000
MISCELLANEOUS INCOME - HED LIBRARY FEE,MISCELLANEOUS INCOME - HED LIBRARY FEE,4000-026,Revenue,Operating Revenue,credit,4000
MISCELLANEOUS INCOME - HED MEDICAL / DENTAL FEE,MISCELLANEOUS INCOME - HED MEDICAL / DENTAL FEE,4000-027,Revenue,Operating Revenue,credit,4000
MISCELLANEOUS INCOME - HED PRISAA FEE,MISCELLANEOUS INCOME - HED PRISAA FEE,4000-028,Revenue,Operating Revenue,credit,4000
MISCELLANEOUS INCOME - HED PUBLICATION FEE,MISCELLANEOUS INCOME - HED PUBLICATION FEE,4000-029,Revenue,Operating Revenue,credit,4000
MISCELLANEOUS INCOME - HED REGISTRATION FEE,MISCELLANEOUS INCOME - HED REGISTRATION FEE,4000-030,Revenue,Operating Revenue,credit,4000
MISCELLANEOUS INCOME - HED STUDENT HANDBOOK FEE,MISCELLANEOUS INCOME - HED STUDENT HANDBOOK FEE,4000-031,Revenue,Operating Revenue,credit,4000
MISCELLANEOUS INCOME - HED TESTING MATERIALS FEE,MISCELLANEOUS INCOME - HED TESTING MATERIALS FEE,4000-032,Revenue,Operating Revenue,credit,4000
RLE FEE INCOME - BSN (1ST LEVEL),RLE FEE INCOME - BSN (1ST LEVEL),4000-033,Revenue,Operating Revenue,credit,4000
RLE FEE INCOME - BSN (2ND LEVEL),RLE FEE INCOME - BSN (2ND LEVEL),4000-034,Revenue,Operating Revenue,credit,4000
RLE FEE INCOME - BSN (3RD LEVEL),RLE FEE INCOME - BSN (3RD LEVEL),4000-035,Revenue,Operating Revenue,credit,4000
RLE FEE INCOME - BSN (4TH LEVEL),RLE FEE INCOME - BSN (4TH LEVEL),4000-036,Revenue,Operating Revenue,credit,4000
RLE FEE INCOME - GM (1ST LEVEL),RLE FEE INCOME - GM (1ST LEVEL),4000-037,Revenue,Operating Revenue,credit,4000
RLE FEE INCOME - GM (2ND LEVEL),RLE FEE INCOME - GM (2ND LEVEL),4000-038,Revenue,Operating Revenue,credit,4000
RLE FEE INCOME - PT (2ND LEVEL),RLE FEE INCOME - PT (2ND LEVEL),4000-039,Revenue,Operating Revenue,credit,4000
CAREGIVER INCOME,CAREGIVER INCOME,4000-040,Revenue,Operating Revenue,credit,4000
OTHER INCOME - BED ACTIVITY / DEPT. FEE,OTHER INCOME - BED ACTIVITY / DEPT. FEE,4000-041,Revenue,Operating Revenue,credit,4000
OTHER INCOME - BED COMPUTER LAB,OTHER INCOME - BED COMPUTER LAB,4000-042,Revenue,Operating Revenue,credit,4000
OTHER INCOME - BED DEVELOPMENTAL FEE,OTHER INCOME - BED DEVELOPMENTAL FEE,4000-043,Revenue,Operating Revenue,credit,4000
OTHER INCOME - BED RED CROSS,OTHER INCOME - BED RED CROSS,4000-044,Revenue,Operating Revenue,credit,4000
OTHER INCOME - BED SACCOFI,OTHER INCOME - BED SACCOFI,4000-045,Revenue,Operating Revenue,credit,4000
OTHER INCOME - BED SOCIAL FUND,OTHER INCOME - BED SOCIAL FUND,4000-046,Revenue,Operating Revenue,credit,4000
OTHER INCOME - BED TYPING FEE,OTHER INCOME - BED TYPING FEE,4000-047,Revenue,Operating Revenue,credit,4000
OTHER INCOME - HED ACTIVITY / DEPT. FEE,OTHER INCOME - HED ACTIVITY / DEPT. FEE,4000-048,Revenue,Operating Revenue,credit,4000
OTHER INCOME - HED COMPUTER LAB,OTHER INCOME - HED COMPUTER LAB,4000-049,Revenue,Operating Revenue,credit,4000
OTHER INCOME - HED DEVELOPMENTAL FEE,OTHER INCOME - HED DEVELOPMENTAL FEE,4000-050,Revenue,Operating Revenue,credit,4000
OTHER INCOME - HED RED CROSS,OTHER INCOME - HED RED CROSS,4000-051,Revenue,Operating Revenue,credit,4000
OTHER INCOME - HED SACCOFI,OTHER INCOME - HED SACCOFI,4000-052,Revenue,Operating Revenue,credit,4000
OTHER INCOME - HED SOCIAL FUND,OTHER INCOME - HED SOCIAL FUND,4000-053,Revenue,Operating Revenue,credit,4000
OTHER INCOME - HED TYPING FEE,OTHER INCOME - HED TYPING FEE,4000-054,Revenue,Operating Revenue,credit,4000
DISCOUNTS - EMPLOYEES,DISCOUNTS - EMPLOYEES,4100-001,Revenue,Contra Revenue,debit,4100
DISCOUNTS - LGU,DISCOUNTS - LGU,4100-002,Revenue,Contra Revenue,debit,4100
DISCOUNTS - OTHERS,DISCOUNTS - OTHERS,4100-003,Revenue,Contra Revenue,debit,4100
DISCOUNTS - SCHOLARSHIP,DISCOUNTS - SCHOLARSHIP,4100-004,Revenue,Contra Revenue,debit,4100
13TH MONTH PAY,13TH MONTH PAY,5000-001,Expenses,Operating Expenses,debit,5000
ADMINISTRATIVE EXPENSE,ADMINISTRATIVE EXPENSE,5000-002,Expenses,Operating Expenses,debit,5000
AFFILLIATION & PRACTICUM EXPENSE,AFFILLIATION & PRACTICUM EXPENSE,5000-003,Expenses,Operating Expenses,debit,5000
HONORARIA,HONORARIA,5000-004,Expenses,Operating Expenses,debit,5000
INSURANCE EXPENSE,INSURANCE EXPENSE,5000-005,Expenses,Operating Expenses,debit,5000
MRDO CONTRIBUTION EXPENSE,MRDO CONTRIBUTION EXPENSE,5000-006,Expenses,Operating Expenses,debit,5000
OFFICE SUPPLIES EXPENSE,OFFICE SUPPLIES EXPENSE,5000-007,Expenses,Operating Expenses,debit,5000
PAG-IBIG ER CONTRIBUTION,PAG-IBIG ER CONTRIBUTION,5000-008,Expenses,Operating Expenses,debit,5000
PERIODICALS,PERIODICALS,5000-009,Expenses,Operating Expenses,debit,5000
PHIC ER CONTRIBUTION,PHIC ER CONTRIBUTION,5000-010,Expenses,Operating Expenses,debit,5000
REPRESENTATION EXPENSE,REPRESENTATION EXPENSE,5000-011,Expenses,Operating Expenses,debit,5000
RETIREMENT BENEFITS,RETIREMENT BENEFITS,5000-012,Expenses,Operating Expenses,debit,5000
SALARIES & WAGES,SALARIES & WAGES,5000-013,Expenses,Operating Expenses,debit,5000
SSS ER CONTRIBUTION,SSS ER CONTRIBUTION,5000-014,Expenses,Operating Expenses,debit,5000
STAFF BENEFITS & ALLOWANCES,STAFF BENEFITS & ALLOWANCES,5000-015,Expenses,Operating Expenses,debit,5000
SUBSCRIPTION,SUBSCRIPTION,5000-016,Expenses,Operating Expenses,debit,5000
TRAINING & PERSONEL DEVELOPMENT,TRAINING & PERSONEL DEVELOPMENT,5000-017,Expenses,Operating Expenses,debit,5000
DEP'N EXP - BOOKS & JOURNALS,DEP'N EXP - BOOKS & JOURNALS,5010-001,Expenses,Operating Expenses,debit,5010
DEP'N EXP - BUILDING,DEP'N EXP - BUILDING,5010-002,Expenses,Operating Expenses,debit,5010
DEP'N EXP - BUILDING IMPROVEMENTS,DEP'N EXP - BUILDING IMPROVEMENTS,5010-003,Expenses,Operating Expenses,debit,5010
DEP'N EXP - FURNITURES & FIXTURES,DEP'N EXP - FURNITURES & FIXTURES,5010-004,Expenses,Operating Expenses,debit,5010
DEP'N EXP - GENSET & OTHER FACILITIES,DEP'N EXP - GENSET & OTHER FACILITIES,5010-005,Expenses,Operating Expenses,debit,5010
DEP'N EXP - HARDWARE & SOFTWARE EQUIPMENTS,DEP'N EXP - HARDWARE & SOFTWARE EQUIPMENTS,5010-006,Expenses,Operating Expenses,debit,5010
DEP'N EXP - LAND IMPROVEMENTS,DEP'N EXP - LAND IMPROVEMENTS,5010-007,Expenses,Operating Expenses,debit,5010
DEP'N EXP - OFFICE & SCHOOL EQUIPMENTS,DEP'N EXP - OFFICE & SCHOOL EQUIPMENTS,5010-008,Expenses,Operating Expenses,debit,5010
DEP'N EXP - TRANSPORTATION EQUIPMENT,DEP'N EXP - TRANSPORTATION EQUIPMENT,5010-009,Expenses,Operating Expenses,debit,5010
REPAIRS & MAINTENANCE - BUILDING & IMPROVEMENT,REPAIRS & MAINTENANCE - BUILDING & IMPROVEMENT,5020-001,Expenses,Operating Expenses,debit,5020
REPAIRS & MAINTENANCE - OFFICE & SCHOOL EQUIPMENT,REPAIRS & MAINTENANCE - OFFICE & SCHOOL EQUIPMENT,5020-002,Expenses,Operating Expenses,debit,5020
REPAIRS & MAINTENANCE - FURNITURES & FIXTURES,REPAIRS & MAINTENANCE - FURNITURES & FIXTURES,5020-003,Expenses,Operating Expenses,debit,5020
REPAIRS & MAINTENANCE - GENSET & OTHER FACILITIES,REPAIRS & MAINTENANCE - GENSET & OTHER FACILITIES,5020-004,Expenses,Operating Expenses,debit,5020
REPAIRS & MAINTENANCE - HARDWARE & SOFTWARE EQUIPMENT,REPAIRS & MAINTENANCE - HARDWARE & SOFTWARE EQUIPMENT,5020-005,Expenses,Operating Expenses,debit,5020
REPAIRS & MAINTENANCE - TRANSPORTATION EQUIPMENT,REPAIRS & MAINTENANCE - TRANSPORTATION EQUIPMENT,5020-006,Expenses,Operating Expenses,debit,5020
UTILITIES EXPENSE - BOARD & LODGING,UTILITIES EXPENSE - BOARD & LODGING,5030-001,Expenses,Operating Expenses,debit,5030
UTILITIES EXPENSE - COMMUNICATION,UTILITIES EXPENSE - COMMUNICATION,5030-002,Expenses,Operating Expenses,debit,5030
UTILITIES EXPENSE - ELECTRICITY,UTILITIES EXPENSE - ELECTRICITY,5030-003,Expenses,Operating Expenses,debit,5030
UTILITIES EXPENSE - FUEL & LUBRICANT,UTILITIES EXPENSE - FUEL & LUBRICANT,5030-004,Expenses,Operating Expenses,debit,5030
UTILITIES EXPENSE - JANITORIAL SERVICES,UTILITIES EXPENSE - JANITORIAL SERVICES,5030-005,Expenses,Operating Expenses,debit,5030
UTILITIES EXPENSE - SECURITY SERVICES,UTILITIES EXPENSE - SECURITY SERVICES,5030-006,Expenses,Operating Expenses,debit,5030
UTILITIES EXPENSE - TRANSPORTATION,UTILITIES EXPENSE - TRANSPORTATION,5030-007,Expenses,Operating Expenses,debit,5030
UTILITIES EXPENSE - WATER,UTILITIES EXPENSE - WATER,5030-008,Expenses,Operating Expenses,debit,5030
PROFESSIONAL FEES - Legal,PROFESSIONAL FEES - Legal,5040-001,Expenses,Operating Expenses,debit,5040
PROFESSIONAL FEES - Audit,PROFESSIONAL FEES - Audit,5040-002,Expenses,Operating Expenses,debit,5040
PROFESSIONAL FEES - Engineer,PROFESSIONAL FEES - Engineer,5040-003,Expenses,Operating Expenses,debit,5040
RETAINERS FEE,RETAINERS FEE,5040-004,Expenses,Operating Expenses,debit,5040
TAXES & Licenses - BUSINESS PERMIT,TAXES & Licenses - BUSINESS PERMIT,5050-001,Expenses,Operating Expenses,debit,5050
TAXES & Licenses - PROPERTY,TAXES & Licenses - PROPERTY,5050-002,Expenses,Operating Expenses,debit,5050
TAXES & Licenses - BIR,TAXES & Licenses - BIR,5050-003,Expenses,Operating Expenses,debit,5050
TAXES & Licenses - SEC,TAXES & Licenses - SEC,5050-004,Expenses,Operating Expenses,debit,5050
TAXES & Licenses - DENR,TAXES & Licenses - DENR,5050-005,Expenses,Operating Expenses,debit,5050
TAXES & Licenses - DTI,TAXES & Licenses - DTI,5050-006,Expenses,Operating Expenses,debit,5050
TAXES & Licenses - LTO,TAXES & Licenses - LTO,5050-007,Expenses,Operating Expenses,debit,5050
Marketing Expense - ADVERTISEMENT,Marketing Expense - ADVERTISEMENT,5060-001,Expenses,Operating Expenses,debit,5060
Marketing Expense - FLYERS & OTHER SUPPLIES,Marketing Expense - FLYERS & OTHER SUPPLIES,5060-002,Expenses,Operating Expenses,debit,5060
FINANCE CHARGES - Interest Expense,FINANCE CHARGES - Interest Expense,5070-001,Expenses,Non-Operating Expenses,debit,5070
FINANCE CHARGES - Bank Charges,FINANCE CHARGES - Bank Charges,5070-002,Expenses,Non-Operating Expenses,debit,5070
MISCELLANEOUS EXPENSE - CHARITY / DONATION,MISCELLANEOUS EXPENSE - CHARITY / DONATION,6040-001,Expenses,Non-Operating Expenses,debit,6040
MISCELLANEOUS EXPENSE - COMMISSION & INCENTIVES,MISCELLANEOUS EXPENSE - COMMISSION & INCENTIVES,6040-002,Expenses,Non-Operating Expenses,debit,6040
MISCELLANEOUS EXPENSE - DUES & SUBSCRIPTION,MISCELLANEOUS EXPENSE - DUES & SUBSCRIPTION,6040-003,Expenses,Non-Operating Expenses,debit,6040
MISCELLANEOUS EXPENSE - OTHERS,MISCELLANEOUS EXPENSE - OTHERS,6040-004,Expenses,Non-Operating Expenses,debit,6040
MISCELLANEOUS EXPENSE - RESEARCH & DEVELOPMENT,MISCELLANEOUS EXPENSE - RESEARCH & DEVELOPMENT,6040-005,Expenses,Non-Operating Expenses,debit,6040
MISCELLANEOUS EXPENSE - SACCOFI,MISCELLANEOUS EXPENSE - SACCOFI,6040-006,Expenses,Non-Operating Expenses,debit,6040
